receiver,G,q_arrival,R,sigma2,Pbar,T_fixed,T_random,T_single,T_discrete,gain_abs,gain_pct,pi0,pi1,pi2,pi12,fixed_pi0,fixed_pi1,fixed_power,q_tx_random,q_tx_fixed,avg_power_random,avg_power_fixed,E1,E2,E12
OD,0.0,0.0,0.8,1.0,2.0,0.0,0.0,0.0,0.0,0.0,0.0,1.0,0.0,0.0,0.0,0.0,1.0,2.0,0.0,0.0,0.0,2.0,0.7411011265922482,1.015716566510398,1.2903320064285477
OD,0.08333333333333333,0.041666666666666664,0.8,1.0,2.0,0.06666666666666667,0.0666666666666667,0.06666666666666667,0.0666666666666667,2.7755575615628914e-17,4.163336342344337e-14,0.0,0.0,0.78,0.22,0.0,1.0,2.0,0.04166666666666667,0.041666666666666664,1.076131963292391,2.0,0.7411011265922482,1.015716566510398,1.2903320064285477
OD,0.16666666666666666,0.08333333333333333,0.8,1.0,2.0,0.1333333333333333,0.13333333333333336,0.1333333333333333,0.13333333333333336,5.551115123125783e-17,4.1633363423443377e-14,0.0,0.0,0.12,0.88,0.0,1.0,2.0,0.08333333333333333,0.08333333333333333,1.2573781536383697,2.0,0.7411011265922482,1.015716566510398,1.2903320064285477
OD,0.25,0.125,0.8,1.0,2.0,0.2,0.20000000000000007,0.2,0.20000000000000007,5.551115123125783e-17,2.7755575615628914e-14,0.0,0.0,0.2,0.8,0.0,1.0,2.0,0.125,0.125,1.235408918444918,2.0,0.7411011265922482,1.015716566510398,1.2903320064285477
OD,0.3333333333333333,0.16666666666666666,0.8,1.0,2.0,0.2666666666666667,0.2666666666666668,0.2666666666666667,0.2666666666666668,5.551115123125783e-17,2.0816681711721682e-14,0.0,0.0,0.26,0.74,0.0,1.0,2.0,0.16666666666666666,0.16666666666666666,1.2189319920498287,2.0,0.7411011265922482,1.015716566510398,1.2903320064285477
OD,0.41666666666666663,0.20833333333333331,0.8,1.0,2.0,0.3333333333333333,0.3333333333333334,0.3333333333333333,0.3333333333333334,1.1102230246251565e-16,3.3306690738754696e-14,0.0,0.0,0.32,0.68,0.0,1.0,2.0,0.20833333333333331,0.20833333333333331,1.20245506565474,2.0,0.7411011265922482,1.015716566510398,1.2903320064285477
OD,0.5,0.25,0.8,1.0,2.0,0.4,0.40000000000000013,0.4,0.40000000000000013,1.1102230246251565e-16,2.7755575615628914e-14,0.0,0.0,0.2,0.8,0.0,1.0,2.0,0.25,0.25,1.235408918444918,2.0,0.7411011265922482,1.015716566510398,1.2903320064285477
OD,0.5833333333333333,0.29166666666666663,0.8,1.0,2.0,0.4666666666666666,0.46666666666666673,0.4666666666666666,0.46666666666666673,1.1102230246251565e-16,2.3790493384824785e-14,0.0,0.0,0.12,0.88,0.0,1.0,2.0,0.29166666666666663,0.29166666666666663,1.2573781536383697,2.0,0.7411011265922482,1.015716566510398,1.2903320064285477
OD,0.6666666666666666,0.3333333333333333,0.8,1.0,2.0,0.5333333333333334,0.5333333333333335,0.5333333333333334,0.5333333333333335,1.1102230246251565e-16,2.0816681711721682e-14,0.0,0.0,0.44,0.56,0.0,1.0,2.0,0.33333333333333337,0.3333333333333333,1.1695012128645619,2.0,0.7411011265922482,1.015716566510398,1.2903320064285477
OD,0.75,0.375,0.8,1.0,2.0,0.6000000000000001,0.6000000000000002,0.6000000000000001,0.6000000000000002,1.1102230246251565e-16,1.8503717077085938e-14,0.0,0.0,0.24,0.76,0.0,1.0,2.0,0.375,0.375,1.2244243008481919,2.0,0.7411011265922482,1.015716566510398,1.2903320064285477
OD,0.8333333333333333,0.41666666666666663,0.8,1.0,2.0,0.6666666666666666,0.6666666666666669,0.6666666666666666,0.6666666666666669,2.220446049250313e-16,3.3306690738754696e-14,0.0,0.0,0.24,0.76,0.0,1.0,2.0,0.41666666666666663,0.41666666666666663,1.2244243008481919,2.0,0.7411011265922482,1.015716566510398,1.2903320064285477
OD,0.9166666666666666,0.4583333333333333,0.8,1.0,2.0,0.7333333333333334,0.7333333333333336,0.7333333333333334,0.7333333333333336,2.220446049250313e-16,3.0278809762504265e-14,0.0,0.0,0.2,0.8,0.0,1.0,2.0,0.45833333333333337,0.4583333333333333,1.235408918444918,2.0,0.7411011265922482,1.015716566510398,1.2903320064285477
OD,1.0,0.5,0.8,1.0,2.0,0.8,0.8000000000000003,0.8,0.8000000000000003,2.220446049250313e-16,2.7755575615628914e-14,0.0,0.0,0.2,0.8,0.0,1.0,2.0,0.5,0.5,1.235408918444918,2.0,0.7411011265922482,1.015716566510398,1.2903320064285477
OD,1.0833333333333333,0.5416666666666666,0.8,1.0,2.0,0.8666666666666667,0.8666666666666668,0.8666666666666667,0.8666666666666668,1.1102230246251565e-16,1.2810265668751806e-14,0.0,0.0,0.06,0.94,0.0,1.0,2.0,0.5416666666666666,0.5416666666666666,1.2738550800334587,2.0,0.7411011265922482,1.015716566510398,1.2903320064285477
OD,1.1666666666666665,0.5833333333333333,0.8,1.0,2.0,0.9333333333333332,0.9333333333333336,0.9333333333333332,0.9333333333333336,3.3306690738754696e-16,3.5685740077237176e-14,0.0,0.0,0.32,0.68,0.0,1.0,2.0,0.5833333333333333,0.5833333333333333,1.20245506565474,2.0,0.7411011265922482,1.015716566510398,1.2903320064285477
OD,1.25,0.625,0.8,1.0,2.0,1.0,1.0000000000000004,1.0,1.0000000000000004,4.440892098500626e-16,4.440892098500626e-14,0.0,0.0,0.32,0.68,0.0,1.0,2.0,0.625,0.625,1.20245506565474,2.0,0.7411011265922482,1.015716566510398,1.2903320064285477
OD,1.3333333333333333,0.6666666666666666,0.8,1.0,2.0,1.0666666666666667,1.066666666666667,1.0666666666666667,1.066666666666667,4.440892098500626e-16,4.163336342344337e-14,0.0,0.0,0.78,0.22,0.0,1.0,2.0,0.6666666666666667,0.6666666666666666,1.076131963292391,2.0,0.7411011265922482,1.015716566510398,1.2903320064285477
OD,1.4166666666666665,0.7083333333333333,0.8,1.0,2.0,1.1333333333333333,1.1333333333333335,1.1333333333333333,1.1333333333333335,2.220446049250313e-16,1.959217102279688e-14,0.0,0.0,0.1,0.9,0.0,1.0,2.0,0.7083333333333333,0.7083333333333333,1.2628704624367328,2.0,0.7411011265922482,1.015716566510398,1.2903320064285477
OD,1.5,0.75,0.8,1.0,2.0,1.2000000000000002,1.2000000000000004,1.2000000000000002,1.2000000000000004,2.220446049250313e-16,1.8503717077085938e-14,0.0,0.0,0.2,0.8,0.0,1.0,2.0,0.7500000000000001,0.75,1.235408918444918,2.0,0.7411011265922482,1.015716566510398,1.2903320064285477
OD,1.5833333333333333,0.7916666666666666,0.8,1.0,2.0,1.2666666666666666,1.2666666666666668,1.2666666666666666,1.2666666666666668,2.220446049250313e-16,1.7529837230923524e-14,0.0,0.0,0.1,0.9,0.0,1.0,2.0,0.7916666666666667,0.7916666666666666,1.2628704624367328,2.0,0.7411011265922482,1.015716566510398,1.2903320064285477
OD,1.6666666666666665,0.8333333333333333,0.8,1.0,2.0,1.3333333333333333,1.3333333333333337,1.3333333333333333,1.3333333333333337,4.440892098500626e-16,3.3306690738754696e-14,0.0,0.0,0.44,0.56,0.0,1.0,2.0,0.8333333333333333,0.8333333333333333,1.1695012128645619,2.0,0.7411011265922482,1.015716566510398,1.2903320064285477
OD,1.75,0.875,0.8,1.0,2.0,1.4000000000000001,1.4000000000000006,1.4000000000000001,1.4000000000000006,4.440892098500626e-16,3.172065784643304e-14,0.0,0.0,0.8,0.2,0.0,1.0,2.0,0.8750000000000001,0.875,1.070639654494028,2.0,0.7411011265922482,1.015716566510398,1.2903320064285477
OD,1.8333333333333333,0.9166666666666666,0.8,1.0,2.0,1.4666666666666666,1.4666666666666672,1.4666666666666666,1.4666666666666672,6.661338147750939e-16,4.541821464375641e-14,0.0,0.0,0.2,0.8,0.0,1.0,2.0,0.9166666666666667,0.9166666666666666,1.235408918444918,2.0,0.7411011265922482,1.015716566510398,1.2903320064285477
OD,1.9166666666666665,0.9583333333333333,0.8,1.0,2.0,1.5333333333333332,1.5333333333333334,1.5333333333333332,1.5333333333333334,2.220446049250313e-16,1.4481169886415086e-14,0.0,0.0,0.2,0.8,0.0,1.0,2.0,0.9583333333333333,0.9583333333333333,1.235408918444918,2.0,0.7411011265922482,1.015716566510398,1.2903320064285477
OD,2.0,1.0,0.8,1.0,2.0,1.6,1.6000000000000005,1.6,1.6000000000000005,4.440892098500626e-16,2.7755575615628914e-14,0.0,0.0,0.2,0.8,0.0,1.0,2.0,1.0,1.0,1.235408918444918,2.0,0.7411011265922482,1.015716566510398,1.2903320064285477
SUD,0.0,0.0,0.8,1.0,2.0,0.0,0.0,0.0,0.0,0.0,0.0,1.0,0.0,0.0,0.0,0.0,1.0,2.0,0.0,0.0,0.0,2.0,0.7411011265922482,1.015716566510398,1.2903320064285477
SUD,0.08333333333333333,0.041666666666666664,0.8,1.0,2.0,0.06388888888888888,0.06458333333333333,0.06388888888888888,0.06458333333333333,0.000694444444444442,1.0869565217391266,0.0,0.5,0.0,0.5,0.0,1.0,2.0,0.041666666666666664,0.041666666666666664,1.015716566510398,2.0,0.7411011265922482,1.015716566510398,1.2903320064285477
SUD,0.16666666666666666,0.08333333333333333,0.8,1.0,2.0,0.12222222222222222,0.12499999999999999,0.12222222222222222,0.12499999999999999,0.002777777777777768,2.272727272727265,0.0,0.5,0.0,0.5,0.0,1.0,2.0,0.08333333333333333,0.08333333333333333,1.015716566510398,2.0,0.7411011265922482,1.015716566510398,1.2903320064285477
SUD,0.25,0.125,0.8,1.0,2.0,0.17500000000000002,0.18125000000000002,0.17500000000000002,0.18125000000000002,0.0062500000000000056,3.5714285714285743,0.0,0.5,0.0,0.5,0.0,1.0,2.0,0.125,0.125,1.015716566510398,2.0,0.7411011265922482,1.015716566510398,1.2903320064285477
SUD,0.3333333333333333,0.16666666666666666,0.8,1.0,2.0,0.22222222222222224,0.2333333333333333,0.22222222222222224,0.2333333333333333,0.011111111111111072,4.999999999999982,0.0,0.5,0.0,0.5,0.0,1.0,2.0,0.16666666666666666,0.16666666666666666,1.015716566510398,2.0,0.7411011265922482,1.015716566510398,1.2903320064285477
SUD,0.41666666666666663,0.20833333333333331,0.8,1.0,2.0,0.2638888888888889,0.28124999999999994,0.2638888888888889,0.28124999999999994,0.01736111111111105,6.578947368421029,0.0,0.5,0.0,0.5,0.0,1.0,2.0,0.20833333333333331,0.20833333333333331,1.015716566510398,2.0,0.7411011265922482,1.015716566510398,1.2903320064285477
SUD,0.5,0.25,0.8,1.0,2.0,0.30000000000000004,0.325,0.30000000000000004,0.325,0.024999999999999967,8.33333333333332,0.0,0.5,0.0,0.5,0.0,1.0,2.0,0.25,0.25,1.015716566510398,2.0,0.7411011265922482,1.015716566510398,1.2903320064285477
SUD,0.5833333333333333,0.29166666666666663,0.8,1.0,2.0,0.33055555555555555,0.3645833333333333,0.33055555555555555,0.3645833333333333,0.03402777777777777,10.29411764705882,0.0,0.5,0.0,0.5,0.0,1.0,2.0,0.29166666666666663,0.29166666666666663,1.015716566510398,2.0,0.7411011265922482,1.015716566510398,1.2903320064285477
SUD,0.6666666666666666,0.3333333333333333,0.8,1.0,2.0,0.3555555555555556,0.4,0.3555555555555556,0.4,0.0444444444444444,12.499999999999984,0.0,0.5,0.0,0.5,0.0,1.0,2.0,0.3333333333333333,0.3333333333333333,1.015716566510398,2.0,0.7411011265922482,1.015716566510398,1.2903320064285477
SUD,0.75,0.375,0.8,1.0,2.0,0.375,0.43125,0.375,0.43125,0.05625000000000002,15.000000000000005,0.0,0.5,0.0,0.5,0.0,1.0,2.0,0.375,0.375,1.015716566510398,2.0,0.7411011265922482,1.015716566510398,1.2903320064285477
SUD,0.8333333333333333,0.41666666666666663,0.8,1.0,2.0,0.3888888888888889,0.4583333333333333,0.3888888888888889,0.4583333333333333,0.06944444444444442,17.85714285714285,0.0,0.5,0.0,0.5,0.0,1.0,2.0,0.41666666666666663,0.41666666666666663,1.015716566510398,2.0,0.7411011265922482,1.015716566510398,1.2903320064285477
SUD,0.9166666666666666,0.4583333333333333,0.8,1.0,2.0,0.3972222222222223,0.48125,0.3972222222222223,0.48125,0.0840277777777777,21.15384615384613,0.0,0.5,0.0,0.5,0.0,1.0,2.0,0.4583333333333333,0.4583333333333333,1.015716566510398,2.0,0.7411011265922482,1.015716566510398,1.2903320064285477
SUD,1.0,0.5,0.8,1.0,2.0,0.4,0.5,0.4,0.5,0.09999999999999998,24.999999999999993,0.0,0.5,0.0,0.5,0.0,1.0,2.0,0.5,0.5,1.015716566510398,2.0,0.7411011265922482,1.015716566510398,1.2903320064285477
SUD,1.0833333333333333,0.5416666666666666,0.8,1.0,2.0,0.39722222222222225,0.5145833333333333,0.39722222222222225,0.5145833333333333,0.11736111111111103,29.545454545454525,0.0,0.5,0.0,0.5,0.0,1.0,2.0,0.5416666666666666,0.5416666666666666,1.015716566510398,2.0,0.7411011265922482,1.015716566510398,1.2903320064285477
SUD,1.1666666666666665,0.5833333333333333,0.8,1.0,2.0,0.38888888888888895,0.525,0.38888888888888895,0.525,0.13611111111111107,34.999999999999986,0.0,0.5,0.0,0.5,0.0,1.0,2.0,0.5833333333333333,0.5833333333333333,1.015716566510398,2.0,0.7411011265922482,1.015716566510398,1.2903320064285477
SUD,1.25,0.625,0.8,1.0,2.0,0.375,0.53125,0.375,0.53125,0.15625,41.666666666666664,0.0,0.5,0.0,0.5,0.0,1.0,2.0,0.625,0.625,1.015716566510398,2.0,0.7411011265922482,1.015716566510398,1.2903320064285477
SUD,1.3333333333333333,0.6666666666666666,0.8,1.0,2.0,0.3555555555555556,0.5333333333333334,0.3555555555555556,0.5333333333333334,0.1777777777777778,50.0,0.0,0.5,0.0,0.5,0.0,1.0,2.0,0.6666666666666666,0.6666666666666666,1.015716566510398,2.0,0.7411011265922482,1.015716566510398,1.2903320064285477
SUD,1.4166666666666665,0.7083333333333333,0.8,1.0,2.0,0.33055555555555566,0.5332522222222223,0.33055555555555566,0.5332522222222223,0.2026966666666667,61.319999999999986,0.06000000000000005,0.46,0.0,0.48,0.0,1.0,2.0,0.6658333333333333,0.7083333333333333,0.9602658813181372,2.0,0.7411011265922482,1.015716566510398,1.2903320064285477
SUD,1.5,0.75,0.8,1.0,2.0,0.30000000000000004,0.53328,0.30000000000000004,0.53328,0.23327999999999993,77.75999999999996,0.12,0.44,0.0,0.44,0.0,1.0,2.0,0.66,0.75,0.8938305785291503,2.0,0.7411011265922482,1.015716566510398,1.2903320064285477
SUD,1.5833333333333333,0.7916666666666666,0.8,1.0,2.0,0.26388888888888895,0.5333300000000001,0.26388888888888895,0.5333300000000001,0.26944111111111113,102.10399999999998,0.16000000000000003,0.42,0.0,0.42,0.0,1.0,2.0,0.6649999999999999,0.7916666666666666,0.8532019158687343,2.0,0.7411011265922482,1.015716566510398,1.2903320064285477
SUD,1.6666666666666665,0.8333333333333333,0.8,1.0,2.0,0.22222222222222232,0.5333333333333334,0.22222222222222232,0.5333333333333334,0.3111111111111111,139.99999999999994,0.19999999999999996,0.4,0.0,0.4,0.0,1.0,2.0,0.6666666666666666,0.8333333333333333,0.8125732532083185,2.0,0.7411011265922482,1.015716566510398,1.2903320064285477
SUD,1.75,0.875,0.8,1.0,2.0,0.17500000000000002,0.5333300000000001,0.17500000000000002,0.5333300000000001,0.35833000000000004,204.76000000000002,0.24,0.38,0.0,0.38,0.0,1.0,2.0,0.665,0.875,0.7719445905479025,2.0,0.7411011265922482,1.015716566510398,1.2903320064285477
SUD,1.8333333333333333,0.9166666666666666,0.8,1.0,2.0,0.12222222222222229,0.53328,0.12222222222222229,0.53328,0.4110577777777777,336.3199999999997,0.28,0.36,0.0,0.36,0.0,1.0,2.0,0.6599999999999999,0.9166666666666666,0.7313159278874866,2.0,0.7411011265922482,1.015716566510398,1.2903320064285477
SUD,1.9166666666666665,0.9583333333333333,0.8,1.0,2.0,0.063888888888889,0.5331655555555557,0.063888888888889,0.5331655555555557,0.4692766666666667,734.5199999999987,0.30000000000000004,0.34,0.0,0.36,0.0,1.0,2.0,0.6708333333333333,0.9583333333333333,0.7164939053556416,2.0,0.7411011265922482,1.015716566510398,1.2903320064285477
SUD,2.0,1.0,0.8,1.0,2.0,0.0,0.53312,0.0,0.53312,0.53312,0.0,0.33999999999999997,0.32,0.0,0.34,0.0,1.0,2.0,0.66,1.0,0.6758652426952256,2.0,0.7411011265922482,1.015716566510398,1.2903320064285477
SIC,0.0,0.0,0.8,1.0,2.0,0.0,0.0,0.0,0.0,0.0,0.0,1.0,0.0,0.0,0.0,0.0,1.0,2.0,0.0,0.0,0.0,2.0,0.7411011265922482,1.015716566510398,1.2903320064285477
SIC,0.08333333333333333,0.041666666666666664,0.8,1.0,2.0,0.06388888888888888,0.06527777777777777,0.06388888888888888,0.06527777777777777,0.001388888888888884,2.173913043478253,0.0,0.5,0.0,0.5,0.0,1.0,2.0,0.041666666666666664,0.041666666666666664,1.015716566510398,2.0,0.7411011265922482,1.015716566510398,1.2903320064285477
SIC,0.16666666666666666,0.08333333333333333,0.8,1.0,2.0,0.12222222222222222,0.12777777777777774,0.12222222222222222,0.12777777777777774,0.005555555555555522,4.545454545454518,0.0,0.5,0.0,0.5,0.0,1.0,2.0,0.08333333333333333,0.08333333333333333,1.015716566510398,2.0,0.7411011265922482,1.015716566510398,1.2903320064285477
SIC,0.25,0.125,0.8,1.0,2.0,0.17500000000000002,0.1875,0.17500000000000002,0.1875,0.012499999999999983,7.142857142857132,0.0,0.5,0.0,0.5,0.0,1.0,2.0,0.125,0.125,1.015716566510398,2.0,0.7411011265922482,1.015716566510398,1.2903320064285477
SIC,0.3333333333333333,0.16666666666666666,0.8,1.0,2.0,0.22222222222222224,0.24444444444444446,0.22222222222222224,0.24444444444444446,0.022222222222222227,10.000000000000002,0.0,0.5,0.0,0.5,0.0,1.0,2.0,0.16666666666666666,0.16666666666666666,1.015716566510398,2.0,0.7411011265922482,1.015716566510398,1.2903320064285477
SIC,0.41666666666666663,0.20833333333333331,0.8,1.0,2.0,0.2638888888888889,0.2986111111111111,0.2638888888888889,0.2986111111111111,0.03472222222222221,13.1578947368421,0.0,0.5,0.0,0.5,0.0,1.0,2.0,0.20833333333333331,0.20833333333333331,1.015716566510398,2.0,0.7411011265922482,1.015716566510398,1.2903320064285477
SIC,0.5,0.25,0.8,1.0,2.0,0.30000000000000004,0.35000000000000003,0.30000000000000004,0.35000000000000003,0.04999999999999999,16.66666666666666,0.0,0.5,0.0,0.5,0.0,1.0,2.0,0.25,0.25,1.015716566510398,2.0,0.7411011265922482,1.015716566510398,1.2903320064285477
SIC,0.5833333333333333,0.29166666666666663,0.8,1.0,2.0,0.33055555555555555,0.3986111111111111,0.33055555555555555,0.3986111111111111,0.06805555555555554,20.58823529411764,0.0,0.5,0.0,0.5,0.0,1.0,2.0,0.29166666666666663,0.29166666666666663,1.015716566510398,2.0,0.7411011265922482,1.015716566510398,1.2903320064285477
SIC,0.6666666666666666,0.3333333333333333,0.8,1.0,2.0,0.3555555555555556,0.4444444444444446,0.3555555555555556,0.4444444444444446,0.08888888888888896,25.000000000000018,0.0,0.5,0.0,0.5,0.0,1.0,2.0,0.3333333333333333,0.3333333333333333,1.015716566510398,2.0,0.7411011265922482,1.015716566510398,1.2903320064285477
SIC,0.75,0.375,0.8,1.0,2.0,0.375,0.48750000000000004,0.375,0.48750000000000004,0.11250000000000004,30.00000000000001,0.0,0.5,0.0,0.5,0.0,1.0,2.0,0.375,0.375,1.015716566510398,2.0,0.7411011265922482,1.015716566510398,1.2903320064285477
SIC,0.8333333333333333,0.41666666666666663,0.8,1.0,2.0,0.3888888888888889,0.5277777777777778,0.3888888888888889,0.5277777777777778,0.1388888888888889,35.714285714285715,0.0,0.5,0.0,0.5,0.0,1.0,2.0,0.41666666666666663,0.41666666666666663,1.015716566510398,2.0,0.7411011265922482,1.015716566510398,1.2903320064285477
SIC,0.9166666666666666,0.4583333333333333,0.8,1.0,2.0,0.3972222222222223,0.5652777777777778,0.3972222222222223,0.5652777777777778,0.16805555555555546,42.30769230769228,0.0,0.5,0.0,0.5,0.0,1.0,2.0,0.4583333333333333,0.4583333333333333,1.015716566510398,2.0,0.7411011265922482,1.015716566510398,1.2903320064285477
SIC,1.0,0.5,0.8,1.0,2.0,0.4,0.6000000000000001,0.4,0.6000000000000001,0.20000000000000007,50.000000000000014,0.0,0.5,0.0,0.5,0.0,1.0,2.0,0.5,0.5,1.015716566510398,2.0,0.7411011265922482,1.015716566510398,1.2903320064285477
SIC,1.0833333333333333,0.5416666666666666,0.8,1.0,2.0,0.39722222222222225,0.6319444444444444,0.39722222222222225,0.6319444444444444,0.23472222222222217,59.09090909090907,0.0,0.5,0.0,0.5,0.0,1.0,2.0,0.5416666666666666,0.5416666666666666,1.015716566510398,2.0,0.7411011265922482,1.015716566510398,1.2903320064285477
SIC,1.1666666666666665,0.5833333333333333,0.8,1.0,2.0,0.38888888888888895,0.6611111111111111,0.38888888888888895,0.6611111111111111,0.27222222222222214,69.99999999999997,0.0,0.5,0.0,0.5,0.0,1.0,2.0,0.5833333333333333,0.5833333333333333,1.015716566510398,2.0,0.7411011265922482,1.015716566510398,1.2903320064285477
SIC,1.25,0.625,0.8,1.0,2.0,0.375,0.6875,0.375,0.6875,0.3125,83.33333333333333,0.0,0.5,0.0,0.5,0.0,1.0,2.0,0.625,0.625,1.015716566510398,2.0,0.7411011265922482,1.015716566510398,1.2903320064285477
SIC,1.3333333333333333,0.6666666666666666,0.8,1.0,2.0,0.3555555555555556,0.7111111111111112,0.3555555555555556,0.7111111111111112,0.3555555555555556,100.0,0.0,0.5,0.0,0.5,0.0,1.0,2.0,0.6666666666666666,0.6666666666666666,1.015716566510398,2.0,0.7411011265922482,1.015716566510398,1.2903320064285477
SIC,1.4166666666666665,0.7083333333333333,0.8,1.0,2.0,0.33055555555555566,0.7319444444444445,0.33055555555555566,0.7319444444444445,0.40138888888888885,121.42857142857139,0.0,0.5,0.0,0.5,0.0,1.0,2.0,0.7083333333333333,0.7083333333333333,1.015716566510398,2.0,0.7411011265922482,1.015716566510398,1.2903320064285477
SIC,1.5,0.75,0.8,1.0,2.0,0.30000000000000004,0.75,0.30000000000000004,0.75,0.44999999999999996,149.99999999999994,0.0,0.5,0.0,0.5,0.0,1.0,2.0,0.75,0.75,1.015716566510398,2.0,0.7411011265922482,1.015716566510398,1.2903320064285477
SIC,1.5833333333333333,0.7916666666666666,0.8,1.0,2.0,0.26388888888888895,0.7652777777777777,0.26388888888888895,0.7652777777777777,0.5013888888888888,189.99999999999991,0.0,0.5,0.0,0.5,0.0,1.0,2.0,0.7916666666666666,0.7916666666666666,1.015716566510398,2.0,0.7411011265922482,1.015716566510398,1.2903320064285477
SIC,1.6666666666666665,0.8333333333333333,0.8,1.0,2.0,0.22222222222222232,0.7777777777777777,0.22222222222222232,0.7777777777777777,0.5555555555555554,249.9999999999998,0.0,0.5,0.0,0.5,0.0,1.0,2.0,0.8333333333333333,0.8333333333333333,1.015716566510398,2.0,0.7411011265922482,1.015716566510398,1.2903320064285477
SIC,1.75,0.875,0.8,1.0,2.0,0.17500000000000002,0.7875000000000001,0.17500000000000002,0.7875000000000001,0.6125,350.0,0.0,0.5,0.0,0.5,0.0,1.0,2.0,0.875,0.875,1.015716566510398,2.0,0.7411011265922482,1.015716566510398,1.2903320064285477
SIC,1.8333333333333333,0.9166666666666666,0.8,1.0,2.0,0.12222222222222229,0.7944444444444444,0.12222222222222229,0.7944444444444444,0.672222222222222,549.9999999999995,0.0,0.5,0.0,0.5,0.0,1.0,2.0,0.9166666666666666,0.9166666666666666,1.015716566510398,2.0,0.7411011265922482,1.015716566510398,1.2903320064285477
SIC,1.9166666666666665,0.9583333333333333,0.8,1.0,2.0,0.063888888888889,0.7986111111111112,0.063888888888889,0.7986111111111112,0.7347222222222222,1149.999999999998,0.0,0.5,0.0,0.5,0.0,1.0,2.0,0.9583333333333333,0.9583333333333333,1.015716566510398,2.0,0.7411011265922482,1.015716566510398,1.2903320064285477
SIC,2.0,1.0,0.8,1.0,2.0,0.0,0.8,0.0,0.8,0.8,0.0,0.0,0.5,0.0,0.5,0.0,1.0,2.0,1.0,1.0,1.015716566510398,2.0,0.7411011265922482,1.015716566510398,1.2903320064285477
